state_code,state_name,window_start,window_end,measurement_period,shopify_sales,shopify_orders,amazon_sales,amazon_orders,marketplace_sales_included,marketplace_rule_confidence,counted_sales,counted_orders,threshold_amount,threshold_transactions,threshold_test_type,pct_of_dollar_threshold,pct_of_txn_threshold,status,exceeded_reason,is_registered,formula,coverage_gaps
AL,Alabama,2025-01-01,2026-08-16,prior_calendar_year,1282.33,40,27086.77,1747,no,medium,1282.33,40,250000,,or,0.5,0,under,,no,"counted_sales = shopify($1,282.33) only; amazon($27,086.77) excluded per AL state rule (marketplace_sales_count_toward_threshold=false).",
AR,Arkansas,2025-01-01,2026-08-16,current_or_prior_calendar_year,1655.03,49,13075.45,839,no,medium,1655.03,49,100000,200,or,1.7,24.5,under,,no,"counted_sales = shopify($1,655.03) only; amazon($13,075.45) excluded per AR state rule (marketplace_sales_count_toward_threshold=false).",
AZ,Arizona,2025-01-01,2026-08-16,current_or_prior_calendar_year,3749.86,121,80972.72,5117,no,high,3749.86,121,100000,,or,3.7,0,under,,no,"counted_sales = shopify($3,749.86) only; amazon($80,972.72) excluded per AZ state rule (marketplace_sales_count_toward_threshold=false).",
CA,California,2025-01-01,2026-08-16,current_or_prior_calendar_year,16939.36,520,273149.17,17520,yes,high,290088.53,18040,500000,,or,58.0,0,caution,,no,"counted_sales = shopify($16,939.36) + amazon($273,149.17) = $290,088.53. Note: Amazon marketplace sales are INCLUDED per CA state rule (marketplace_sales_count_toward_threshold=true). Kintsugi 'taxable sales' may show a lower figure because it excludes exempt or marketplace-facilitated amounts.",
CO,Colorado,2025-01-01,2026-08-16,current_or_prior_calendar_year,5214.19,149,71565.0,4608,no,medium,5214.19,149,100000,,or,5.2,0,under,,no,"counted_sales = shopify($5,214.19) only; amazon($71,565.00) excluded per CO state rule (marketplace_sales_count_toward_threshold=false).",
CT,Connecticut,2024-10-01,2026-08-16,12mo_ending_sep30,1796.06,60,31354.87,2066,yes,high,33150.93,2126,100000,200,and,33.2,1063.0,approaching,,no,"counted_sales = shopify($1,796.06) + amazon($31,354.87) = $33,150.93. Note: Amazon marketplace sales are INCLUDED per CT state rule (marketplace_sales_count_toward_threshold=true). Kintsugi 'taxable sales' may show a lower figure because it excludes exempt or marketplace-facilitated amounts.",
DC,District of Columbia,2025-01-01,2026-08-16,current_or_prior_calendar_year,487.39,8,1629.15,109,yes,medium,2116.54,117,100000,200,or,2.1,58.5,under,,no,"counted_sales = shopify($487.39) + amazon($1,629.15) = $2,116.54. Note: Amazon marketplace sales are INCLUDED per DC state rule (marketplace_sales_count_toward_threshold=true). Kintsugi 'taxable sales' may show a lower figure because it excludes exempt or marketplace-facilitated amounts.",
FL,Florida,2025-01-01,2026-08-16,prior_calendar_year,11005.93,346,203341.24,13056,no,high,11005.93,346,100000,,or,11.0,0,under,,no,"counted_sales = shopify($11,005.93) only; amazon($203,341.24) excluded per FL state rule (marketplace_sales_count_toward_threshold=false).",
GA,Georgia,2025-01-01,2026-08-16,current_or_prior_calendar_year,3578.51,104,69940.12,4478,no,high,3578.51,104,100000,200,or,3.6,52.0,under,,no,"counted_sales = shopify($3,578.51) only; amazon($69,940.12) excluded per GA state rule (marketplace_sales_count_toward_threshold=false).",
HI,Hawaii,2025-01-01,2026-08-16,current_or_prior_calendar_year,493.51,14,6220.81,399,yes,medium,6714.32,413,100000,200,or,6.7,206.5,exceeded_txn,txn_only,yes,"counted_sales = shopify($493.51) + amazon($6,220.81) = $6,714.32. Note: Amazon marketplace sales are INCLUDED per HI state rule (marketplace_sales_count_toward_threshold=true). Kintsugi 'taxable sales' may show a lower figure because it excludes exempt or marketplace-facilitated amounts.","Shopify data starts 2025-02-01, window starts 2025-01-01"
IA,Iowa,2025-01-01,2026-08-16,current_or_prior_calendar_year,1412.48,46,23739.42,1524,yes,medium,25151.9,1570,100000,,or,25.2,0,under,,no,"counted_sales = shopify($1,412.48) + amazon($23,739.42) = $25,151.90. Note: Amazon marketplace sales are INCLUDED per IA state rule (marketplace_sales_count_toward_threshold=true). Kintsugi 'taxable sales' may show a lower figure because it excludes exempt or marketplace-facilitated amounts.",
ID,Idaho,2025-01-01,2026-08-16,current_or_prior_calendar_year,829.35,34,29866.35,1948,yes,medium,30695.7,1982,100000,,or,30.7,0,under,,no,"counted_sales = shopify($829.35) + amazon($29,866.35) = $30,695.70. Note: Amazon marketplace sales are INCLUDED per ID state rule (marketplace_sales_count_toward_threshold=true). Kintsugi 'taxable sales' may show a lower figure because it excludes exempt or marketplace-facilitated amounts.",
IL,Illinois,2025-08-16,2026-08-16,prior_12_months,3714.83,108,55249.65,3604,no,high,3714.83,108,100000,,or,3.7,0,under,,no,"counted_sales = shopify($3,714.83) only; amazon($55,249.65) excluded per IL state rule (marketplace_sales_count_toward_threshold=false).",
IN,Indiana,2025-01-01,2026-08-16,current_or_prior_calendar_year,2887.06,96,46581.71,3006,no,medium,2887.06,96,100000,,or,2.9,0,under,,no,"counted_sales = shopify($2,887.06) only; amazon($46,581.71) excluded per IN state rule (marketplace_sales_count_toward_threshold=false).",
KS,Kansas,2025-01-01,2026-08-16,current_or_prior_calendar_year,1105.42,43,18844.48,1185,yes,medium,19949.9,1228,100000,,or,19.9,0,under,,no,"counted_sales = shopify($1,105.42) + amazon($18,844.48) = $19,949.90. Note: Amazon marketplace sales are INCLUDED per KS state rule (marketplace_sales_count_toward_threshold=true). Kintsugi 'taxable sales' may show a lower figure because it excludes exempt or marketplace-facilitated amounts.",
KY,Kentucky,2025-01-01,2026-08-16,current_or_prior_calendar_year,1112.9,51,23413.37,1505,yes,medium,24526.27,1556,100000,,or,24.5,0,under,,yes,"counted_sales = shopify($1,112.90) + amazon($23,413.37) = $24,526.27. Note: Amazon marketplace sales are INCLUDED per KY state rule (marketplace_sales_count_toward_threshold=true). Kintsugi 'taxable sales' may show a lower figure because it excludes exempt or marketplace-facilitated amounts.",
LA,Louisiana,2025-01-01,2026-08-16,current_or_prior_calendar_year,1292.84,50,18302.21,1195,yes,medium,19595.05,1245,100000,,or,19.6,0,under,,no,"counted_sales = shopify($1,292.84) + amazon($18,302.21) = $19,595.05. Note: Amazon marketplace sales are INCLUDED per LA state rule (marketplace_sales_count_toward_threshold=true). Kintsugi 'taxable sales' may show a lower figure because it excludes exempt or marketplace-facilitated amounts.",
MA,Massachusetts,2025-01-01,2026-08-16,current_or_prior_calendar_year,4755.93,136,51384.79,3256,no,medium,4755.93,136,100000,,or,4.8,0,under,,no,"counted_sales = shopify($4,755.93) only; amazon($51,384.79) excluded per MA state rule (marketplace_sales_count_toward_threshold=false).",
MD,Maryland,2025-01-01,2026-08-16,current_or_prior_calendar_year,5666.28,136,39669.89,2489,yes,high,45336.17,2625,100000,200,or,45.3,1312.5,exceeded_txn,txn_only,yes,"counted_sales = shopify($5,666.28) + amazon($39,669.89) = $45,336.17. Note: Amazon marketplace sales are INCLUDED per MD state rule (marketplace_sales_count_toward_threshold=true). Kintsugi 'taxable sales' may show a lower figure because it excludes exempt or marketplace-facilitated amounts.",
ME,Maine,2025-01-01,2026-08-16,current_or_prior_calendar_year,427.1,19,7398.24,466,no,medium,427.1,19,100000,,or,0.4,0,under,,no,"counted_sales = shopify($427.10) only; amazon($7,398.24) excluded per ME state rule (marketplace_sales_count_toward_threshold=false).","Shopify data starts 2025-02-01, window starts 2025-01-01"
MI,Michigan,2025-01-01,2026-08-16,prior_calendar_year,4337.94,141,81473.22,5299,yes,high,85811.16,5440,100000,200,or,85.8,2720.0,exceeded_txn,txn_only,yes,"counted_sales = shopify($4,337.94) + amazon($81,473.22) = $85,811.16. Note: Amazon marketplace sales are INCLUDED per MI state rule (marketplace_sales_count_toward_threshold=true). Kintsugi 'taxable sales' may show a lower figure because it excludes exempt or marketplace-facilitated amounts.",
MN,Minnesota,2025-08-16,2026-08-16,prior_12_months,1503.97,51,32835.05,2120,yes,medium,34339.02,2171,100000,200,or,34.3,1085.5,exceeded_txn,txn_only,yes,"counted_sales = shopify($1,503.97) + amazon($32,835.05) = $34,339.02. Note: Amazon marketplace sales are INCLUDED per MN state rule (marketplace_sales_count_toward_threshold=true). Kintsugi 'taxable sales' may show a lower figure because it excludes exempt or marketplace-facilitated amounts.",
MO,Missouri,2025-08-16,2026-08-16,prior_12_months,1703.44,67,31404.92,2044,yes,medium,33108.36,2111,100000,,or,33.1,0,under,,no,"counted_sales = shopify($1,703.44) + amazon($31,404.92) = $33,108.36. Note: Amazon marketplace sales are INCLUDED per MO state rule (marketplace_sales_count_toward_threshold=true). Kintsugi 'taxable sales' may show a lower figure because it excludes exempt or marketplace-facilitated amounts.",
MS,Mississippi,2025-08-16,2026-08-16,prior_12_months,175.17,14,8079.6,527,no,medium,175.17,14,250000,,or,0.1,0,under,,no,"counted_sales = shopify($175.17) only; amazon($8,079.60) excluded per MS state rule (marketplace_sales_count_toward_threshold=false).",
NC,North Carolina,2025-01-01,2026-08-16,current_or_prior_calendar_year,3731.67,153,77032.86,5008,yes,high,80764.53,5161,100000,,or,80.8,0,approaching,,no,"counted_sales = shopify($3,731.67) + amazon($77,032.86) = $80,764.53. Note: Amazon marketplace sales are INCLUDED per NC state rule (marketplace_sales_count_toward_threshold=true). Kintsugi 'taxable sales' may show a lower figure because it excludes exempt or marketplace-facilitated amounts.",
ND,North Dakota,2025-01-01,2026-08-16,current_or_prior_calendar_year,258.41,9,5284.55,343,no,medium,258.41,9,100000,,or,0.3,0,under,,yes,"counted_sales = shopify($258.41) only; amazon($5,284.55) excluded per ND state rule (marketplace_sales_count_toward_threshold=false).",
NE,Nebraska,2025-01-01,2026-08-16,current_or_prior_calendar_year,2764.76,42,15337.01,977,yes,medium,18101.77,1019,100000,200,or,18.1,509.5,exceeded_txn,txn_only,yes,"counted_sales = shopify($2,764.76) + amazon($15,337.01) = $18,101.77. Note: Amazon marketplace sales are INCLUDED per NE state rule (marketplace_sales_count_toward_threshold=true). Kintsugi 'taxable sales' may show a lower figure because it excludes exempt or marketplace-facilitated amounts.",
NJ,New Jersey,2025-01-01,2026-08-16,current_or_prior_calendar_year,8742.29,166,76546.6,4951,yes,high,85288.89,5117,100000,200,or,85.3,2558.5,exceeded_txn,txn_only,yes,"counted_sales = shopify($8,742.29) + amazon($76,546.60) = $85,288.89. Note: Amazon marketplace sales are INCLUDED per NJ state rule (marketplace_sales_count_toward_threshold=true). Kintsugi 'taxable sales' may show a lower figure because it excludes exempt or marketplace-facilitated amounts.",
NM,New Mexico,2025-01-01,2026-08-16,prior_calendar_year,1083.55,32,13920.33,901,no,medium,1083.55,32,100000,,or,1.1,0,under,,no,"counted_sales = shopify($1,083.55) only; amazon($13,920.33) excluded per NM state rule (marketplace_sales_count_toward_threshold=false).","Shopify data starts 2025-03-01, window starts 2025-01-01"
NV,Nevada,2025-01-01,2026-08-16,current_or_prior_calendar_year,1620.59,56,34160.41,2170,yes,medium,35781.0,2226,100000,200,or,35.8,1113.0,exceeded_txn,txn_only,yes,"counted_sales = shopify($1,620.59) + amazon($34,160.41) = $35,781.00. Note: Amazon marketplace sales are INCLUDED per NV state rule (marketplace_sales_count_toward_threshold=true). Kintsugi 'taxable sales' may show a lower figure because it excludes exempt or marketplace-facilitated amounts.",
NY,New York,2025-08-16,2026-08-16,prior_4_quarters,10682.66,283,88248.87,5762,yes,high,98931.53,6045,500000,100,and,19.8,6045.0,approaching,,no,"counted_sales = shopify($10,682.66) + amazon($88,248.87) = $98,931.53. Note: Amazon marketplace sales are INCLUDED per NY state rule (marketplace_sales_count_toward_threshold=true). Kintsugi 'taxable sales' may show a lower figure because it excludes exempt or marketplace-facilitated amounts.",
OH,Ohio,2025-01-01,2026-08-16,current_or_prior_calendar_year,5144.25,160,86090.0,5480,yes,high,91234.25,5640,100000,200,or,91.2,2820.0,exceeded_txn,txn_only,yes,"counted_sales = shopify($5,144.25) + amazon($86,090.00) = $91,234.25. Note: Amazon marketplace sales are INCLUDED per OH state rule (marketplace_sales_count_toward_threshold=true). Kintsugi 'taxable sales' may show a lower figure because it excludes exempt or marketplace-facilitated amounts.",
OK,Oklahoma,2025-08-16,2026-08-16,prior_12_months,575.91,58,20065.61,1326,no,medium,575.91,58,100000,,or,0.6,0,under,,yes,"counted_sales = shopify($575.91) only; amazon($20,065.61) excluded per OK state rule (marketplace_sales_count_toward_threshold=false).",
PA,Pennsylvania,2025-01-01,2026-08-16,current_or_prior_calendar_year,7820.25,228,87572.81,5612,yes,high,95393.06,5840,100000,,or,95.4,0,approaching,,no,"counted_sales = shopify($7,820.25) + amazon($87,572.81) = $95,393.06. Note: Amazon marketplace sales are INCLUDED per PA state rule (marketplace_sales_count_toward_threshold=true). Kintsugi 'taxable sales' may show a lower figure because it excludes exempt or marketplace-facilitated amounts.",
RI,Rhode Island,2025-01-01,2026-08-16,prior_calendar_year,545.71,20,7521.21,494,yes,medium,8066.92,514,100000,200,or,8.1,257.0,exceeded_txn,txn_only,yes,"counted_sales = shopify($545.71) + amazon($7,521.21) = $8,066.92. Note: Amazon marketplace sales are INCLUDED per RI state rule (marketplace_sales_count_toward_threshold=true). Kintsugi 'taxable sales' may show a lower figure because it excludes exempt or marketplace-facilitated amounts.",
SC,South Carolina,2025-01-01,2026-08-16,current_or_prior_calendar_year,2780.96,86,39877.99,2607,yes,medium,42658.95,2693,100000,,or,42.7,0,under,,no,"counted_sales = shopify($2,780.96) + amazon($39,877.99) = $42,658.95. Note: Amazon marketplace sales are INCLUDED per SC state rule (marketplace_sales_count_toward_threshold=true). Kintsugi 'taxable sales' may show a lower figure because it excludes exempt or marketplace-facilitated amounts.",
SD,South Dakota,2025-01-01,2026-08-16,current_or_prior_calendar_year,313.04,8,5850.51,373,yes,medium,6163.55,381,100000,,or,6.2,0,under,,no,"counted_sales = shopify($313.04) + amazon($5,850.51) = $6,163.55. Note: Amazon marketplace sales are INCLUDED per SD state rule (marketplace_sales_count_toward_threshold=true). Kintsugi 'taxable sales' may show a lower figure because it excludes exempt or marketplace-facilitated amounts.","Shopify data starts 2025-04-01, window starts 2025-01-01"
TN,Tennessee,2025-08-16,2026-08-16,prior_12_months,1770.29,78,43848.07,2825,no,medium,1770.29,78,100000,,or,1.8,0,under,,no,"counted_sales = shopify($1,770.29) only; amazon($43,848.07) excluded per TN state rule (marketplace_sales_count_toward_threshold=false).",
TX,Texas,2025-08-16,2026-08-16,prior_12_months,6283.28,229,143390.59,9241,yes,high,149673.87,9470,500000,,or,29.9,0,under,,no,"counted_sales = shopify($6,283.28) + amazon($143,390.59) = $149,673.87. Note: Amazon marketplace sales are INCLUDED per TX state rule (marketplace_sales_count_toward_threshold=true). Kintsugi 'taxable sales' may show a lower figure because it excludes exempt or marketplace-facilitated amounts.",
UT,Utah,2025-01-01,2026-08-16,current_or_prior_calendar_year,2290.75,70,41935.17,2747,no,medium,2290.75,70,100000,,or,2.3,0,under,,no,"counted_sales = shopify($2,290.75) only; amazon($41,935.17) excluded per UT state rule (marketplace_sales_count_toward_threshold=false).",
VA,Virginia,2025-01-01,2026-08-16,current_or_prior_calendar_year,3815.56,116,58752.64,3800,no,high,3815.56,116,100000,200,or,3.8,58.0,under,,no,"counted_sales = shopify($3,815.56) only; amazon($58,752.64) excluded per VA state rule (marketplace_sales_count_toward_threshold=false).",
VT,Vermont,2025-08-16,2026-08-16,prior_4_quarters,354.57,10,2011.14,132,yes,medium,2365.71,142,100000,200,or,2.4,71.0,under,,no,"counted_sales = shopify($354.57) + amazon($2,011.14) = $2,365.71. Note: Amazon marketplace sales are INCLUDED per VT state rule (marketplace_sales_count_toward_threshold=true). Kintsugi 'taxable sales' may show a lower figure because it excludes exempt or marketplace-facilitated amounts.",
WA,Washington,2025-01-01,2026-08-16,current_or_prior_calendar_year,3267.25,93,68740.47,4478,yes,high,72007.72,4571,100000,,or,72.0,0,caution,,no,"counted_sales = shopify($3,267.25) + amazon($68,740.47) = $72,007.72. Note: Amazon marketplace sales are INCLUDED per WA state rule (marketplace_sales_count_toward_threshold=true). Kintsugi 'taxable sales' may show a lower figure because it excludes exempt or marketplace-facilitated amounts.",
WI,Wisconsin,2025-01-01,2026-08-16,current_or_prior_calendar_year,3410.54,100,48879.78,3143,yes,medium,52290.32,3243,100000,,or,52.3,0,caution,,no,"counted_sales = shopify($3,410.54) + amazon($48,879.78) = $52,290.32. Note: Amazon marketplace sales are INCLUDED per WI state rule (marketplace_sales_count_toward_threshold=true). Kintsugi 'taxable sales' may show a lower figure because it excludes exempt or marketplace-facilitated amounts.",
WV,West Virginia,2025-01-01,2026-08-16,current_or_prior_calendar_year,616.12,18,7943.38,523,yes,medium,8559.5,541,100000,200,or,8.6,270.5,exceeded_txn,txn_only,yes,"counted_sales = shopify($616.12) + amazon($7,943.38) = $8,559.50. Note: Amazon marketplace sales are INCLUDED per WV state rule (marketplace_sales_count_toward_threshold=true). Kintsugi 'taxable sales' may show a lower figure because it excludes exempt or marketplace-facilitated amounts.","Shopify data starts 2025-04-01, window starts 2025-01-01"
WY,Wyoming,2025-01-01,2026-08-16,current_or_prior_calendar_year,372.55,12,6143.97,385,no,medium,372.55,12,100000,,or,0.4,0,under,,no,"counted_sales = shopify($372.55) only; amazon($6,143.97) excluded per WY state rule (marketplace_sales_count_toward_threshold=false).","Shopify data starts 2025-06-01, window starts 2025-01-01"
