state_code,state_name,kintsugi_txn_amount,kintsugi_taxable_sales,kintsugi_txn_count,kintsugi_tax_collected,agent_shopify,agent_amazon,agent_total,agent_txn_count,delta,delta_pct,notes
AK,Alaska,7438.04,720.09,473,24.8,447.23,6510.99,6958.22,452,-479.82,-6.5,"K taxable $720 != txn $7,438"
AL,Alabama,33851.19,29673.04,2147,710.6,1686.43,31009.46,32695.89,2083,-1155.3,-3.4,"K taxable $29,673 != txn $33,851"
AR,Arkansas,17748.59,15599.32,1078,392.61,1847.02,15213.67,17060.69,1061,-687.9,-3.9,"K taxable $15,599 != txn $17,749"
AZ,Arizona,103723.56,92085.04,6471,2170.36,5275.61,95093.08,100368.69,6343,-3354.87,-3.2,"K taxable $92,085 != txn $103,724"
CA,California,370035.02,329112.34,23257,7847.97,24085.93,332097.33,356183.26,22581,-13851.76,-3.7,"K taxable $329,112 != txn $370,035"
CO,Colorado,91579.51,79625.53,5679,1705.87,6772.42,81307.09,88079.51,5557,-3500.0,-3.8,"K taxable $79,626 != txn $91,580"
CT,Connecticut,36398.06,32467.06,2334,641.93,2030.08,33394.35,35424.43,2289,-973.63,-2.7,"K taxable $32,467 != txn $36,398"
DC,District Of Columbia,2567.85,2277.94,145,31.69,593.37,1941.1,2534.47,143,-33.38,-1.3,"K taxable $2,278 != txn $2,568"
DE,Delaware,9235.54,696.26,596,0.0,533.98,8480.93,9014.91,584,-220.63,-2.4,"K taxable $696 != txn $9,236"
FL,Florida,261100.41,233131.51,16537,654.24,13851.28,240221.46,254072.74,16177,-7027.67,-2.7,"K taxable $233,132 != txn $261,100"
GA,Georgia,88916.25,77719.15,5550,1727.16,5150.58,80872.15,86022.73,5416,-2893.52,-3.3,"K taxable $77,719 != txn $88,916"
HI,Hawaii,8599.48,8500.72,544,159.08,717.96,7695.0,8412.96,525,-186.52,-2.2,
IA,Iowa,29461.84,25415.42,1817,593.98,1730.4,26690.24,28420.64,1794,-1041.2,-3.5,"K taxable $25,415 != txn $29,462"
ID,Idaho,36695.59,31808.53,2391,620.2,1255.98,34268.06,35524.04,2326,-1171.55,-3.2,"K taxable $31,809 != txn $36,696"
IL,Illinois,104524.05,91859.35,6642,2286.14,6701.94,94487.63,101189.57,6488,-3334.48,-3.2,"K taxable $91,859 != txn $104,524"
IN,Indiana,59190.62,51261.88,3711,1151.49,3473.03,53481.03,56954.06,3641,-2236.56,-3.8,"K taxable $51,262 != txn $59,191"
KS,Kansas,24013.65,20912.08,1482,565.12,1300.11,21711.57,23011.68,1445,-1001.97,-4.2,"K taxable $20,912 != txn $24,014"
KY,Kentucky,29400.64,29131.96,1875,960.01,1511.34,27117.55,28628.89,1835,-771.75,-2.6,"K taxable $29,132 != txn $29,401"
LA,Louisiana,23953.54,20959.05,1511,615.97,1644.25,21395.23,23039.48,1479,-914.06,-3.8,"K taxable $20,959 != txn $23,954"
MA,Massachusetts,69250.52,60364.24,4233,1041.27,6552.45,60437.47,66989.92,4121,-2260.6,-3.3,"K taxable $60,364 != txn $69,251"
MD,Maryland,149215.12,147365.06,9401,8546.98,6894.33,46492.47,53386.8,3140,-95828.32,-64.2,"K taxable $147,365 != txn $149,215"
ME,Maine,9182.15,7929.97,580,129.37,542.06,8544.06,9086.12,572,-96.03,-1.0,"K taxable $7,930 != txn $9,182"
MI,Michigan,101187.78,99716.32,6495,3341.72,5511.31,92838.83,98350.14,6312,-2837.64,-2.8,"K taxable $99,716 != txn $101,188"
MN,Minnesota,56566.99,56287.1,3592,2604.95,2569.36,52409.2,54978.56,3517,-1588.43,-2.8,"K taxable $56,287 != txn $56,567"
MO,Missouri,55763.7,48605.88,3499,960.18,3509.07,50436.17,53945.24,3433,-1818.46,-3.3,"K taxable $48,606 != txn $55,764"
MS,Mississippi,13617.1,11632.57,883,262.69,472.48,12716.29,13188.77,870,-428.33,-3.1,"K taxable $11,633 != txn $13,617"
MT,Montana,14004.19,1060.02,796,0.0,1872.31,11687.9,13560.21,779,-443.98,-3.2,"K taxable $1,060 != txn $14,004"
NC,North Carolina,100518.94,86334.54,6360,1764.24,5334.33,91054.01,96388.34,6233,-4130.6,-4.1,"K taxable $86,335 != txn $100,519"
ND,North Dakota,6735.7,5746.22,413,122.69,624.51,6058.81,6683.32,406,-52.38,-0.8,"K taxable $5,746 != txn $6,736"
NE,Nebraska,21168.08,20885.56,1195,786.65,3352.81,17270.74,20623.55,1171,-544.53,-2.6,"K taxable $20,886 != txn $21,168"
NH,New Hampshire,21549.96,1834.58,1295,0.0,1450.54,20021.13,21471.67,1264,-78.29,-0.4,"K taxable $1,835 != txn $21,550"
NJ,New Jersey,109513.94,104935.59,6446,3686.72,14377.32,91798.45,106175.77,6312,-3338.17,-3.0,"K taxable $104,936 != txn $109,514"
NM,New Mexico,18761.32,16949.71,1152,350.2,1549.25,16389.49,17938.74,1131,-822.58,-4.4,"K taxable $16,950 != txn $18,761"
NV,Nevada,43976.03,43567.18,2745,1906.45,2473.51,39840.49,42314.0,2674,-1662.03,-3.8,"K taxable $43,567 != txn $43,976"
NY,New York,179749.24,160352.84,10893,520.84,22184.88,152228.62,174413.5,10672,-5335.74,-3.0,"K taxable $160,353 != txn $179,749"
OH,Ohio,109068.28,108306.44,6821,4363.77,6199.64,99222.39,105422.03,6648,-3646.25,-3.3,"K taxable $108,306 != txn $109,068"
OK,Oklahoma,35293.56,34847.03,2351,1462.61,1134.25,33149.25,34283.5,2289,-1010.06,-2.9,"K taxable $34,847 != txn $35,294"
OR,Oregon,42630.39,3596.5,2671,0.0,2437.35,39258.57,41695.92,2633,-934.47,-2.2,"K taxable $3,596 != txn $42,630"
PA,Pennsylvania,114852.68,99745.57,7051,1786.9,9314.39,101711.07,111025.46,6933,-3827.22,-3.3,"K taxable $99,746 != txn $114,853"
RI,Rhode Island,10629.6,10519.6,653,340.58,712.57,9307.72,10020.29,642,-609.31,-5.7,"K taxable $10,520 != txn $10,630"
SC,South Carolina,51953.11,45265.89,3257,1006.04,3624.37,46769.93,50394.3,3201,-1558.81,-3.0,"K taxable $45,266 != txn $51,953"
SD,South Dakota,7080.5,6288.87,447,117.09,369.02,6506.88,6875.9,433,-204.6,-2.9,"K taxable $6,289 != txn $7,080"
TN,Tennessee,79311.17,69068.14,4964,2019.36,4062.06,71736.74,75798.8,4847,-3512.37,-4.4,"K taxable $69,068 != txn $79,311"
TX,Texas,268165.2,225292.07,16934,5410.48,13290.53,244863.56,258154.09,16522,-10011.11,-3.7,"K taxable $225,292 != txn $268,165"
UT,Utah,53236.13,46086.33,3382,1138.43,2831.42,48515.38,51346.8,3306,-1889.33,-3.5,"K taxable $46,086 != txn $53,236"
VA,Virginia,75999.66,66172.36,4788,1104.98,4752.67,69573.49,74326.16,4696,-1673.5,-2.2,"K taxable $66,172 != txn $76,000"
VT,Vermont,3974.28,3369.41,241,46.56,562.72,3381.34,3944.06,239,-30.22,-0.8,"K taxable $3,369 != txn $3,974"
WA,Washington,88738.78,78197.21,5664,2149.2,4507.53,81336.18,85843.71,5554,-2895.07,-3.3,"K taxable $78,197 != txn $88,739"
WI,Wisconsin,62542.38,54872.59,3861,969.49,5119.11,55800.4,60919.51,3785,-1622.87,-2.6,"K taxable $54,873 != txn $62,542"
WV,West Virginia,10255.04,10155.52,632,302.67,945.76,9007.01,9952.77,622,-302.27,-2.9,
WY,Wyoming,7629.53,6827.98,466,115.33,568.26,6893.97,7462.23,458,-167.3,-2.2,"K taxable $6,828 != txn $7,630"
